Predicted_PTS_x_1,Predicted_PTS_x_2,Predicted_PTS_x_3,Predicted_PTS_x_4,Predicted_PTS_x_5,Predicted_PTS_x_6,Predicted_PTS_x_7,Predicted_PTS_x_8,Predicted_PTS_x_9,Predicted_PTS_x_10,Predicted_PTS_x_11,Predicted_PTS_x_12,Predicted_PTS_x_13,Predicted_PTS_x_14,Predicted_PTS_x_15,Predicted_PTS_x_16,Predicted_PTS_x_17,Predicted_PTS_x_18,Predicted_PTS_x_19,Predicted_PTS_x_20,Average_Prediction,Max_Prediction_Column,Max_Predicted_PTS_x
8.660377,10.658532,6.8042884,9.515821,6.10956,8.36496,7.9655037,7.7637434,6.94029,9.670099,6.807697,7.191638,8.873762,8.781763,9.485281,9.847452,12.019946,8.802942,9.005053,10.018953,8.664594,Predicted_PTS_x_17,12.019946098327637
5.256758,5.3695254,5.672375,4.74602,2.0392978,6.19998,5.7948093,6.3407116,5.226931,4.467235,7.575809,8.379896,6.125606,6.1739283,5.5805483,5.4167876,7.8692374,6.42006,4.1667604,5.9434047,5.7636275,Predicted_PTS_x_12,8.37989616394043
5.1682086,5.3268104,4.229737,5.2334547,5.7382064,1.3433039,6.3328247,8.346911,5.766881,9.482403,7.204641,2.3623455,3.4368343,6.1690884,3.6569216,6.9542766,7.943067,5.571752,5.5046635,5.197958,5.568531,Predicted_PTS_x_10,9.482402801513672
8.909935,11.0813265,12.003239,8.360706,9.259243,7.488653,9.188738,7.3452005,7.15015,6.2391987,8.865535,6.9225216,5.239416,7.473303,3.685105,3.6870446,5.2982583,8.025234,8.9769,5.0381165,7.4383097,Predicted_PTS_x_3,12.003238677978516
10.590405,15.959846,13.481476,13.503626,12.868403,14.045603,15.261452,13.758422,10.222891,15.256739,10.686766,13.318853,9.961081,9.66235,11.900886,14.76095,15.434047,13.639962,12.346785,14.660358,13.196342,Predicted_PTS_x_2,15.959845542907715
2.8453026,5.921341,6.1003585,9.26976,5.317318,6.4894304,6.118922,4.5034904,8.061417,3.7439537,3.8384452,4.4387827,7.563955,5.9111032,4.5295725,7.1464634,4.5647173,5.4797335,8.70734,3.3479564,5.84495,Predicted_PTS_x_4,9.269760131835938
12.5245905,11.5675335,13.8380375,11.95228,10.278803,10.2256,11.9957905,15.5573015,7.491588,10.108459,9.432627,11.438394,10.442301,11.176117,13.535043,9.581886,10.467293,8.455181,12.8786745,5.8124065,10.85449,Predicted_PTS_x_8,15.55730152130127
7.5818896,10.496946,6.890473,7.140707,5.3204603,6.4734898,8.740589,7.4594717,7.8624415,7.66653,5.4419017,12.950989,6.438452,8.392906,7.024987,10.275162,9.123297,5.161373,9.930983,10.322182,8.058597,Predicted_PTS_x_12,12.95098876953125
5.239165,6.3902636,8.606869,4.2928743,5.726056,3.861222,6.1024284,4.675685,3.955154,5.280911,4.575458,7.782509,6.428908,7.060154,10.507281,7.1715813,7.4499974,4.7764482,8.304655,7.210745,6.324169,Predicted_PTS_x_15,10.507281303405762
4.3076754,6.533368,4.587057,2.9262938,2.7641182,4.721224,2.8654957,4.7467365,1.1096758,4.8800507,3.548612,3.3307638,4.1050262,3.6011565,3.7797692,5.6034846,5.9210258,5.9541717,4.758527,6.3352294,4.3195677,Predicted_PTS_x_2,6.533368110656738
9.434682,4.5385866,6.69667,8.811141,8.455754,6.192338,6.2690144,6.692026,6.9126105,5.820233,7.665832,5.79028,4.9187317,7.342844,7.314966,6.506223,7.878735,4.98627,3.9308033,6.4727182,6.483988,Predicted_PTS_x_4,8.811141014099121
4.156623,4.3684487,6.509679,4.6608834,3.7705495,4.413786,5.8585567,2.286674,4.841752,2.6794968,3.824772,5.77745,2.4381826,3.0116007,3.6999671,5.5564885,3.6649354,4.711407,2.1886983,4.6755133,4.154676,Predicted_PTS_x_3,6.509678840637207
5.1927743,2.4305913,6.7703815,5.286978,3.1367934,2.3984988,5.0577297,3.238468,2.2671413,6.6388693,4.768429,4.2237334,4.4400983,3.9569485,3.5765088,5.248068,5.1180425,5.571563,5.112459,4.029359,4.382666,Predicted_PTS_x_3,6.770381450653076
4.7920213,4.2055936,5.924821,4.56322,2.9890263,9.211468,5.4265404,2.1068733,7.2120814,3.4943318,7.5681834,6.876789,6.5019064,2.21233,5.0869617,3.9493232,7.394131,2.8995905,3.1671844,5.452549,5.065416,Predicted_PTS_x_6,9.211467742919922
6.4703364,6.363442,7.5933995,3.7873878,2.0758202,4.4714336,3.9192798,4.0236816,3.3011374,4.173783,4.5264106,4.491943,7.0798135,6.014,2.650481,3.4455233,4.757985,5.3658895,6.975287,5.9921355,4.7899384,Predicted_PTS_x_3,7.593399524688721
3.8731883,2.8928049,2.790041,2.2171981,2.1316237,3.9609506,6.1493177,5.0040092,3.2759929,4.955381,2.3066325,4.4200363,4.267329,0.9513906,3.8056695,3.877246,4.5614853,1.6949857,2.4608111,3.3389826,3.42431,Predicted_PTS_x_7,6.149317741394043
2.8842847,7.0634303,6.5854745,4.6868625,5.5938106,5.158944,4.1982517,2.0694494,6.7924905,5.877946,5.0033326,5.5401626,2.5216513,3.9218028,7.3231373,3.9518604,4.0648336,2.99769,4.5260344,3.7216594,4.82099,Predicted_PTS_x_15,7.323137283325195
8.781226,12.897389,11.455695,9.139458,8.21782,5.2996035,10.746453,8.04481,6.5303364,9.71268,8.076532,10.156023,8.923439,5.650613,7.8300743,8.49498,10.138471,8.500651,9.286053,5.199899,8.64742,Predicted_PTS_x_2,12.89738941192627
6.094897,2.37446,5.0193048,4.438697,6.175644,5.8165674,8.113998,7.0496464,1.5456222,3.2718487,4.753321,6.838641,3.3612504,4.3432894,6.322281,3.828837,4.7770762,3.1912937,9.172958,4.641924,5.0019293,Predicted_PTS_x_19,9.172958374023438
2.3919272,3.530729,1.3035514,2.616532,1.618044,3.2113202,1.7713206,2.4212706,2.4479218,2.7623215,0.94702184,2.4046488,5.519365,3.8516452,3.9826486,3.176866,5.0168133,-0.10796572,1.7984533,3.6332974,2.7318842,Predicted_PTS_x_13,5.519364833831787
1.7294929,2.9042714,2.6108727,2.5699396,1.3253973,0.9295862,4.0110226,2.700535,1.8787888,-0.9538635,3.0507255,3.1584988,1.2542334,1.6862018,1.4165506,0.23536742,1.3728521,0.7446521,-0.0036641315,0.42837623,1.6484393,Predicted_PTS_x_7,4.011022567749023
3.0072412,5.4262705,2.4070077,5.9576955,2.928737,4.3447027,3.6530383,5.3322954,3.2801242,3.6618242,4.5950503,2.6738613,2.0487864,1.8901644,0.02025941,2.6429467,3.6769814,4.5263243,4.8654146,6.2661614,3.694613,Predicted_PTS_x_20,6.2661614418029785
6.133963,8.561673,10.634953,8.264987,6.9941697,12.812698,10.932583,10.624049,8.89717,10.377581,10.073346,10.228729,11.709112,12.886051,13.243159,12.596019,15.270626,11.993065,9.951849,11.163576,10.906074,Predicted_PTS_x_17,15.270626068115234
5.437094,8.353452,6.220181,7.7533517,5.84277,3.9383113,7.5180807,4.115056,5.8628206,8.927911,7.062485,5.403149,6.673703,7.2189207,8.598894,6.5656533,7.4873304,8.339175,6.6958904,5.8739634,6.760584,Predicted_PTS_x_10,8.927910804748535
4.5364213,4.8349886,5.005096,4.4620404,6.6358128,3.5426457,6.866791,3.5492275,3.9667082,6.312961,5.313773,1.3709517,4.057759,3.9034617,1.3056564,2.9800649,7.4397535,6.3395143,5.174036,6.436096,4.7103863,Predicted_PTS_x_17,7.439753532409668
3.1610982,4.8438373,4.8851433,7.9655943,6.039487,5.2810907,3.7168095,5.7660017,4.8743453,5.777942,5.642049,5.7274184,6.2869163,9.453293,7.639721,6.8078084,5.0263734,7.5642548,8.051768,4.604471,6.1028585,Predicted_PTS_x_14,9.453292846679688
3.3852272,2.7854016,5.355055,0.41146523,2.8947642,4.2899103,3.532647,1.8530812,1.730709,2.5443468,2.2162848,0.49623382,0.39681375,0.8274442,2.692198,1.8048388,1.6507479,-0.10796572,0.53904724,3.0206056,2.0491385,Predicted_PTS_x_3,5.35505485534668
2.7798793,5.715699,3.133595,3.4460387,0.5813377,1.0378807,1.0160542,3.0305912,4.800883,3.2376575,1.7208806,4.0491834,3.7072434,3.8082297,1.3218575,0.12056035,4.675485,1.92589,3.9794855,2.8272161,2.8492513,Predicted_PTS_x_2,5.715699195861816
0.68984395,6.1726823,4.7531695,4.55684,1.8491037,1.0715411,4.672785,2.5965106,0.6982933,1.9968592,0.54205656,3.0280142,1.9360178,2.1967175,2.3468654,3.7918205,3.1661892,0.51054376,1.3060234,2.528651,2.616878,Predicted_PTS_x_2,6.172682285308838
5.7119217,2.8881395,5.3944573,6.3939457,5.8117514,2.565026,6.6715097,1.3916018,4.8844028,9.381632,6.313264,3.6969128,6.0523353,4.758049,5.852797,6.4004927,7.5674443,4.584974,8.4588785,8.032357,5.63684,Predicted_PTS_x_10,9.381631851196289
5.0894,0.331569,4.0890336,2.14215,-0.43932348,0.96111023,4.457447,2.5425088,2.7107902,2.9556518,2.118823,1.7507806,1.6963379,3.768247,2.4474266,2.326095,2.1662488,2.430594,2.0534608,2.5661464,2.2671106,Predicted_PTS_x_7,4.457447052001953
3.97357,6.6013184,4.330264,4.567717,3.8667452,4.849889,3.2783253,2.2244947,2.7465024,2.525207,4.10563,3.9684339,4.233063,2.767084,6.2316513,4.39996,2.7686863,4.563617,4.6026945,3.8521702,4.025445,Predicted_PTS_x_2,6.601318359375
8.375177,4.61257,7.820951,6.20949,2.2695453,4.827327,5.92708,7.0727606,3.9306507,5.751776,2.4071207,1.4589515,2.1506948,4.163415,4.754653,0.87478054,1.3596462,4.0923243,4.0807953,3.4971883,4.0664062,Predicted_PTS_x_3,7.820950984954834
4.0279202,6.842414,5.285376,6.2595625,3.810346,1.855941,8.05546,1.5795202,1.3071193,5.652682,3.9730844,6.324862,5.842749,7.2238083,5.672661,4.957433,4.628677,4.4114256,3.8346548,5.005639,4.869653,Predicted_PTS_x_7,8.055459976196289
2.1503603,4.5057254,4.5853863,2.6237335,1.6696551,2.492132,1.7970693,3.4034908,2.9789958,4.707281,5.6213,2.5911915,3.1463776,6.402831,7.8587637,7.1802745,6.8595304,7.3351808,7.8812413,4.18873,4.622573,Predicted_PTS_x_19,7.881241321563721
2.9899392,2.7191432,1.5677482,2.4061685,1.106466,-0.279176,4.3767405,0.5687345,0.7672695,2.0369034,5.9729433,2.9936695,0.9401765,2.3538368,0.22162792,1.947801,3.7100625,1.5133343,0.89663327,-0.0014246942,1.8851925,Predicted_PTS_x_11,5.972943305969238
3.0702384,2.8993046,3.6096053,4.4468536,1.0859236,4.0447636,0.68075633,4.6687746,3.6651087,2.649901,2.157085,-0.17443097,5.3569245,4.7510653,3.7868164,5.5950027,1.8249866,5.1928244,1.9613103,7.6348934,3.4651296,Predicted_PTS_x_20,7.634893417358398
1.1368304,2.3292043,-1.7551997,-0.18467195,0.6811713,2.5032485,1.5444262,2.8457859,2.8335328,0.87694776,0.69285345,-0.5915089,0.8423636,0.60800695,-0.17976788,-0.39501917,0.5310373,1.7435355,1.027069,-0.0014246942,0.83955735,Predicted_PTS_x_8,2.8457858562469482
3.9739678,1.618663,3.4759173,6.761113,-0.36321855,1.2283322,4.740533,1.2356296,2.4524179,4.145125,4.7408834,2.4177732,3.6259809,1.552594,0.32164553,3.770833,1.2491647,5.0661416,7.2201595,1.3468447,2.9792912,Predicted_PTS_x_19,7.220159530639648
2.3285701,0.89509714,-0.19289997,1.7959145,0.4096179,3.9375894,4.5080814,6.3847275,3.4149537,4.093673,1.37193,1.5459375,2.3363557,3.8693583,3.5304892,2.0924296,2.8382,1.0410002,4.0992413,4.9409466,2.7848763,Predicted_PTS_x_8,6.384727478027344
-0.21429725,6.1115255,1.6567742,1.9102619,3.9565961,0.08911097,0.90487874,1.8918161,-0.35926867,1.8691381,0.21993864,-0.9834347,-0.89852,-0.7491338,-0.4424784,2.26196,2.951112,-0.10796572,-0.0036641315,3.8139749,1.2680329,Predicted_PTS_x_2,6.111525535583496
2.0944536,1.9532992,-0.9741431,5.293161,0.87832195,2.6350374,2.4743893,0.32165265,4.4952126,4.1161904,3.4366245,0.29251242,0.034232378,3.013807,2.5578172,3.0421205,4.2345004,3.057503,1.0576788,4.0797143,2.4210334,Predicted_PTS_x_4,5.293160915374756
5.1331673,3.7952995,3.5417237,5.2665386,4.3888927,2.486253,4.365966,5.4184704,5.2074423,4.163778,3.8113852,2.2966244,3.3003063,4.8827085,4.6855893,6.7845716,6.064896,4.820171,5.377647,3.6873605,4.4392433,Predicted_PTS_x_16,6.784571647644043
3.9190302,4.6127386,5.775372,6.3735466,6.7237716,3.936982,5.1528463,8.516974,2.900731,4.077859,9.196473,5.649527,2.2689805,4.7888403,2.6002896,2.1043115,6.05174,7.4254637,4.9164004,4.9472623,5.1589527,Predicted_PTS_x_11,9.196473121643066
1.8762137,0.89282435,-0.6491247,-0.6512576,-0.50454587,0.29072392,-0.52951163,1.6285977,4.233873,0.32077825,-1.1330248,-0.9834347,2.9442735,1.1563835,0.6790348,3.0631661,-0.2384304,1.2317368,-0.0036641315,1.3794893,0.6909415,Predicted_PTS_x_9,4.233872890472412
4.9641094,7.6012783,5.3106756,6.5385566,5.9659033,3.444475,4.314704,5.199332,5.4478793,4.5562406,2.8398337,3.6247559,6.8823695,6.514018,3.808778,6.1127124,4.241752,5.125832,7.632802,4.522431,5.2465434,Predicted_PTS_x_19,7.6328020095825195
4.8455863,0.21967688,2.0103884,1.8657637,0.7710951,2.386966,1.6661081,1.1192443,3.896319,2.882112,2.9072118,2.5103526,4.6524453,3.1893842,3.5010297,3.6949716,4.817477,5.035744,3.1649418,3.7312448,2.8432884,Predicted_PTS_x_18,5.0357441902160645
0.49204296,1.2764635,1.0749913,3.1545117,-0.1469846,-0.13655275,0.5515264,1.8078558,0.5269799,-0.44499147,2.3186893,0.91402054,0.39732397,1.3727283,2.1881902,2.1751637,4.0563464,3.3974497,2.868637,3.6328003,1.6307974,Predicted_PTS_x_17,4.056346416473389
3.393316,-0.6725369,1.0519894,3.6470754,3.2079628,4.2194576,-0.020514488,3.0171568,0.6731366,-0.35715944,0.22778678,3.0193977,2.703558,1.3368664,1.5729053,1.058892,3.7797136,2.524862,0.44741693,0.35188806,1.6731502,Predicted_PTS_x_6,4.219457626342773
6.328073,4.6194334,1.1946168,4.8163576,5.534378,4.4398613,7.23143,7.9646425,3.0622563,5.297685,5.861872,3.143083,3.6796823,3.9098885,2.8659065,3.531949,4.957837,3.7922843,1.9609065,3.6354387,4.289448,Predicted_PTS_x_8,7.964642524719238
1.7830591,1.1410009,2.6016755,-1.9642388,0.90556306,0.60345006,2.3445857,0.24751484,-0.5878591,0.42097926,2.9119263,2.3226073,1.0971915,-0.057398498,-0.4424784,2.3328424,1.1910594,0.017406374,1.8631641,0.6158125,0.9244634,Predicted_PTS_x_11,2.91192626953125
5.152307,1.6976846,5.2203894,1.8298007,2.188927,0.54755235,0.087283015,4.9219265,-0.91770947,3.1189961,0.13127303,1.2909026,4.0318184,2.5938776,-0.42888767,2.5212107,-0.2384304,2.712818,5.0810437,2.4553964,2.0445194,Predicted_PTS_x_3,5.220389366149902
1.7651494,1.9610286,0.9759563,-0.164661,2.0633824,1.8896081,1.1714315,1.4438148,0.53261364,-1.3559116,-0.78964674,-0.9834347,-0.89852,0.41179585,-0.37985975,0.49920666,2.3702216,0.6905787,0.73526454,0.02916835,0.53694934,Predicted_PTS_x_17,2.3702216148376465
3.7950637,2.4464288,3.5571485,4.904329,1.6556103,-0.23118979,0.14123654,1.8388708,5.3787837,6.7646546,5.6515436,5.6010847,5.3399477,5.262636,4.008083,2.6832566,4.639607,2.9220738,3.5155349,2.6818452,3.6190255,Predicted_PTS_x_10,6.764654636383057
3.3946714,1.5035051,-0.43309918,3.669389,1.0258785,1.6350505,2.749061,4.463107,1.3325888,1.3930057,2.301519,3.5041223,0.7958002,2.6401484,1.1251148,1.2299396,2.2497876,1.7445843,1.0850586,2.4672925,1.9200976,Predicted_PTS_x_8,4.463107109069824
1.2038795,1.9506886,2.0482168,1.6427921,0.7884708,-0.6749785,2.3836675,0.9088018,1.0430955,0.52848446,2.4246283,-0.9834347,-0.3600393,0.022983074,-0.9272675,-0.62708795,0.3131163,-0.12397744,0.43254003,4.442027,0.8017224,Predicted_PTS_x_20,4.4420270919799805
3.0265815,3.5643976,3.438347,6.706726,2.3085449,3.303791,1.12223,1.0063946,1.088709,3.2259827,3.522974,4.0204873,-0.32951903,0.111677825,-0.4424784,2.9506927,4.0985494,4.58834,2.8842845,1.8850465,2.5818517,Predicted_PTS_x_4,6.70672607421875
2.0319989,1.8896106,-0.8936106,-0.5160294,-0.7720954,1.0343915,1.6986597,0.72534156,1.8670162,1.9050997,3.5108323,-2.0977955,2.7815728,1.9771359,-0.4424784,-0.39501917,-0.2384304,-0.10796572,-0.0036641315,-0.0014246942,0.6274288,Predicted_PTS_x_11,3.5108323097229004
4.427638,3.5379274,3.911936,3.6358817,2.1889517,2.7902236,5.472747,4.724392,3.2904315,2.3110204,3.216538,2.8513546,3.308073,3.6371133,3.8188703,4.3854165,4.632097,4.1745934,5.2865376,1.5669258,3.6179492,Predicted_PTS_x_7,5.472746849060059
1.8141001,2.863939,2.5752506,5.1067743,1.0750308,3.9508655,3.1575758,1.9152792,-1.328591,1.9147817,5.4896646,3.5258598,4.643228,5.0963926,2.9176817,3.0990062,1.8327719,2.9244957,2.910248,4.015342,3.0360842,Predicted_PTS_x_11,5.489664554595947
3.5619695,4.346648,1.9729382,4.70296,1.5672055,2.7894127,6.1156073,1.519881,4.4734764,2.4299827,1.2409333,4.0421376,5.7834196,5.905959,1.0452536,3.5701184,1.221988,3.756173,4.354336,4.288858,3.427752,Predicted_PTS_x_7,6.115607261657715
6.0918155,2.925162,6.1693115,2.8249292,5.976046,8.516108,8.846283,6.8977375,3.1615477,7.349899,3.3819852,1.8369906,5.693909,2.972832,6.1346745,5.872152,4.071332,5.8130136,5.2075577,1.436119,5.00461,Predicted_PTS_x_7,8.846282958984375
1.7375252,0.68436414,5.065078,3.8074875,6.4380655,4.429617,2.2756846,2.825546,4.6945505,4.00386,3.6711254,4.230989,4.343471,5.6566715,5.534889,4.850844,3.9007773,3.500994,2.0186558,3.8746266,3.9898577,Predicted_PTS_x_5,6.438065528869629
5.924737,0.5056424,4.2693377,1.1660315,3.2690308,4.595133,-1.2083197,5.3574085,2.740117,2.25701,0.7951927,2.3061697,2.6305919,3.8441784,4.1957974,3.5207949,1.845913,3.3591793,-0.002596493,3.0751634,2.5537777,Predicted_PTS_x_8,5.35740852355957
2.3889387,-0.25456986,2.598003,-0.06408064,0.85037786,2.4480412,1.5168865,2.3735766,0.20477259,1.8956653,-1.1330248,1.500602,-0.89852,3.0210826,4.251804,1.4719604,1.286692,3.3921537,-0.0036641315,2.9850116,1.4443563,Predicted_PTS_x_15,4.251803874969482
3.909612,3.368237,3.820704,2.1293073,-0.25006038,1.1732583,3.3920248,5.1678915,2.3723187,1.1432554,3.4995465,1.3318021,5.2031207,0.8076035,3.7683976,3.0702147,-0.2384304,1.4261928,-0.0036641315,-0.0014246942,2.167384,Predicted_PTS_x_13,5.203120708465576
0.78387356,-1.8393933,1.4177525,-1.5627033,1.647389,1.5046508,2.423557,0.2902217,-1.6175565,3.0522528,0.80130756,2.864614,1.3825235,-0.52557683,-0.25116837,-1.3938601,0.9730468,2.5100183,3.428846,1.3751706,0.8674258,Predicted_PTS_x_19,3.4288458824157715
1.0012188,1.9315315,1.1511172,2.3705072,2.03609,0.864501,1.6731098,3.7730396,0.8402821,-0.5720978,0.7427645,-0.28036082,-0.89852,2.488459,-0.4424784,-0.39501917,-0.2384304,1.4657503,-0.0036641315,1.3399869,0.939293,Predicted_PTS_x_8,3.7730395793914795
6.541284,8.180417,6.2924805,6.4171095,3.5012543,6.0226545,6.64911,6.1211424,5.059956,7.1092067,5.680552,8.261054,6.222521,9.02,6.7853208,6.490416,3.3772457,5.1371427,5.3224115,6.9232945,6.2407,Predicted_PTS_x_14,9.020000457763672
3.6287847,3.9895577,9.829017,4.440922,4.3537707,5.453842,7.5739594,4.9385805,5.5320973,5.6258926,4.6277795,4.054816,6.4756756,5.3947916,4.3328075,1.9372438,5.38313,2.5563781,4.103366,4.650403,5.0133705,Predicted_PTS_x_3,9.82901668548584
-0.26730615,1.6669075,4.822431,0.3497815,1.0731889,1.0436069,2.312918,-0.12059188,0.0513891,0.07880151,2.8413815,1.0121443,0.661628,-0.29164812,-0.4424784,2.214561,4.1151867,0.7651712,3.2519913,-0.0014246942,1.3371024,Predicted_PTS_x_3,4.8224310874938965
0.5572986,1.2809405,2.205264,0.9166334,-0.99055153,-0.6839347,1.3292425,-1.1773329,0.19693029,-0.004065037,0.11395085,0.41584623,1.4296465,-0.3565058,1.0757895,1.2627206,0.58160526,5.352241,1.0455313,1.3110812,0.8055281,Predicted_PTS_x_18,5.352241039276123
1.0870006,0.8226168,2.848998,0.89524984,2.1900768,-0.2519825,0.059291124,1.6294096,2.2750387,1.3688709,0.3232442,2.9793808,4.1711264,1.0537634,2.4657702,-0.39501917,1.8921221,1.3577901,2.5876904,2.2320404,1.6055516,Predicted_PTS_x_13,4.171126365661621
3.8234856,2.1967585,3.66122,1.2629257,1.6918498,1.0018055,-0.3513142,4.265048,4.8324733,2.6217227,0.2588626,-0.67216575,1.9838548,2.9085076,4.5486517,4.373599,1.1860067,2.0874324,4.701457,5.5301943,2.5309944,Predicted_PTS_x_20,5.530194282531738
2.8014936,2.011737,1.1371349,-0.28230178,-0.5048659,1.4502776,0.98834133,-1.8835679,0.28851736,1.2473599,-1.1330248,-0.9834347,-0.89852,-0.7491338,0.37172183,-0.39501917,-0.89255697,-0.10796572,-0.0036641315,-0.0014246942,-0.017915241,Predicted_PTS_x_2,2.011737108230591
2.0193,2.1188142,1.7373877,3.5049098,3.7692163,5.67772,3.8284109,2.4145281,1.788962,2.787939,1.3638777,1.9492598,4.9849286,7.020358,1.1743306,1.8356615,0.6044678,0.024588704,4.3857937,2.5540838,2.8171182,Predicted_PTS_x_14,7.020358085632324
1.8082733,1.6518828,-1.145712,2.2909677,3.6498327,0.9321506,1.9066756,-1.4637511,1.5065387,3.2584858,0.6966336,1.3906081,0.47260332,1.6680543,2.2275445,2.1464748,1.2136511,2.586433,0.23784858,0.5750078,1.3579963,Predicted_PTS_x_5,3.6498327255249023
1.3063883,2.2079976,4.415212,1.960658,0.4194097,-1.3501482,-2.2314494,-1.210489,2.2286968,2.7072678,1.6576294,3.034161,0.44399905,1.8424661,1.8539879,-0.39501917,-0.2384304,0.28873277,0.11136824,2.471309,1.0640715,Predicted_PTS_x_3,4.415212154388428
0.9402418,1.83642,-1.3581879,2.6537886,-0.24243169,1.770148,2.1214907,1.2043612,4.0311465,-1.3559116,-1.1330248,-0.9834347,-0.89852,3.564038,-0.4424784,0.5638179,0.14054169,-0.10796572,3.7217293,3.91351,0.9999493,Predicted_PTS_x_9,4.03114652633667
2.1694713,1.8326945,1.4440198,3.2430525,1.7765663,1.9724476,1.1799757,0.25643778,-1.81149,-0.7764878,0.20695889,0.8464289,-0.54530495,0.18915361,4.0207615,4.0549,3.5404387,2.8989606,0.2485022,1.8210473,1.3894243,Predicted_PTS_x_16,4.054900169372559
2.9267976,2.3060508,1.395023,-1.1215317,1.434492,3.6163156,4.430052,2.2542555,-1.2709888,-1.4674863,0.22386742,0.8683779,0.39342153,0.85584104,1.025226,1.4494019,3.8771882,0.30360967,1.8022121,4.0084305,1.3886187,Predicted_PTS_x_7,4.430051803588867
0.82173985,4.7803416,4.6197443,2.62671,-2.3453877,-0.2956963,0.8022808,-0.55198014,2.206737,0.15537119,1.7096556,2.9953463,2.1079888,-0.7491338,0.23150566,-0.39501917,-0.2384304,-0.10796572,-0.0036641315,3.225621,1.0933696,Predicted_PTS_x_2,4.780341625213623
4.2846265,3.7015522,5.7109647,1.50329,5.4269495,4.147376,3.9645407,4.1065083,1.4188472,0.8358277,3.3621516,2.441714,1.9885824,4.4746227,1.503547,-0.39501917,3.2590196,-0.10796572,1.3515776,4.2058077,2.7842045,Predicted_PTS_x_3,5.710964679718018
2.9866025,4.058608,4.601047,2.5874095,4.541152,3.0403745,4.507227,1.8808434,2.983436,3.295463,2.2350001,2.5555458,2.0966775,1.5035193,2.9392788,2.0726848,2.1801667,2.264814,2.433413,4.8686767,2.9813335,Predicted_PTS_x_20,4.868676662445068
-0.052011143,4.0392966,0.6276371,3.9485192,1.9933448,5.5744896,4.5057726,-0.3041798,5.457914,-2.5228071,3.5385923,3.773964,-0.052603126,-0.7491338,-0.45673192,0.5455312,-0.2384304,1.066013,2.8819788,0.043255005,1.7722329,Predicted_PTS_x_6,5.574489593505859
3.8123395,2.8976066,-0.010241354,-0.77501935,-0.5584242,-0.22765827,-0.72074914,0.061373234,2.8924947,2.2882857,-1.1330248,-0.9834347,-0.89852,1.5101426,2.0983145,-0.39501917,3.419354,0.9393271,0.9724613,0.4323705,0.6215599,Predicted_PTS_x_17,3.41935396194458
2.338321,4.062299,2.0107872,3.7071815,0.46447837,1.0755749,2.7393858,2.4868753,3.3772182,2.459478,3.6087604,4.775197,1.8724778,3.602072,2.7384784,3.5240073,4.777003,3.4518228,3.322109,3.5424473,3.0314555,Predicted_PTS_x_17,4.777002811431885
-2.321685,2.7047024,-2.1273885,2.0638657,-0.25805777,1.3448913,0.63206124,2.5907028,0.34741843,-0.22503889,2.0695333,-0.47593933,0.30935526,1.2946284,0.86259806,-0.39501917,3.185679,2.986663,3.4344718,1.7376688,1.1622523,Predicted_PTS_x_19,3.434471845626831
0.24883966,3.4124348,4.8869076,1.3752457,0.5780928,3.184147,3.338226,0.66628754,-0.91872835,2.4309483,1.5461208,-0.9834347,-0.66707414,3.6896226,0.2767506,-0.39501917,4.1825204,2.3507526,1.0524273,0.45995113,1.6034831,Predicted_PTS_x_3,4.886907577514648
4.1438317,3.252781,-0.027262414,6.3792725,4.737542,6.0695267,1.2827499,1.6877625,3.8699923,1.7238685,3.3978076,2.8455153,5.745048,2.6980608,1.1006281,0.49496078,3.6649318,4.795241,2.4910877,2.713744,3.1012244,Predicted_PTS_x_4,6.3792724609375
3.5868309,1.0709665,-0.6359199,0.4160868,0.060080603,0.10665959,-0.095555484,0.9364233,2.8713918,0.75583804,2.739668,5.0666885,0.102831125,-0.7491338,-0.4424784,1.7801994,1.4428678,0.8952855,0.47694296,1.4321092,0.9595237,Predicted_PTS_x_12,5.066688537597656
2.961789,6.8742094,1.0247198,3.3189566,6.427133,3.702885,7.2281647,5.4770308,4.157068,5.2049146,3.8312593,8.05799,4.7356915,6.8216,5.379039,3.8340902,7.4515953,7.8637376,3.6309078,4.2617693,5.225409,Predicted_PTS_x_12,8.057990074157715
2.5382037,-0.06054958,2.146727,2.29612,1.9294965,1.449677,1.6621134,0.51558006,-1.328591,-1.3559116,0.7150434,2.8779516,2.1257908,3.1218112,1.1115813,-0.8634798,1.4688014,0.28680718,2.4353726,1.2922593,1.1487685,Predicted_PTS_x_14,3.1218111515045166
2.06124,3.6157477,1.9510771,1.7878605,2.4793327,3.6702292,1.0892911,0.73588157,-0.16861475,1.2487794,1.6499611,2.3124733,0.47062743,1.0792909,1.9085426,1.8656772,2.8045387,3.7026806,2.2368848,-0.0014246942,1.8125705,Predicted_PTS_x_18,3.7026805877685547
3.543917,0.94082683,2.8672895,1.1409684,-0.22106959,-0.49691248,3.6831143,4.376335,3.1657944,2.8896937,0.4989617,2.8309278,3.99645,1.9793236,3.3765364,1.6476384,1.659124,-0.10796572,-0.0036641315,3.143143,1.9666586,Predicted_PTS_x_8,4.376335144042969
1.2839878,4.2305307,1.9142855,3.087211,2.9754927,3.7271335,3.8116171,4.3041887,5.144469,3.9405622,1.5516514,3.100459,0.95238984,2.2487757,4.1910887,0.19033533,4.38252,3.8655977,3.9689696,4.6674004,3.276562,Predicted_PTS_x_9,5.144468784332275
2.2852094,-0.4920571,0.32255504,1.3681723,2.0623295,1.9224572,-0.6894513,0.7037103,-1.328591,-1.3559116,1.3650728,-0.9834347,-0.3026191,0.4996897,-0.4424784,-0.39501917,-0.2384304,-1.3759367,-0.43286237,-3.135188,-0.15410492,Predicted_PTS_x_5,2.0623295307159424
1.107153,0.9430002,1.2611065,1.3114327,-0.4862755,2.8187635,4.1125593,3.9438388,2.5852685,1.0438863,1.527587,0.57042503,1.0473601,2.1344807,2.3564482,0.3196053,2.2311234,2.512305,1.825038,1.8430532,1.7842634,Predicted_PTS_x_7,4.1125593185424805
-3.145375,-0.9910032,-1.6340499,-0.7002167,1.708789,2.3647883,5.2330675,-2.0180283,2.9030232,-0.62947536,-1.1330248,-0.38730812,1.3896332,-0.7491338,-0.4424784,-0.39501917,-0.2384304,-0.10796572,-0.0036641315,0.39463097,0.24021761,Predicted_PTS_x_7,5.233067512512207
4.1332464,1.0794487,1.052719,1.0411205,0.5689409,1.2987618,-1.4227364,0.062421918,-1.0021989,-1.3559116,1.1810125,-0.9834347,0.30421388,-0.7491338,-0.4424784,-0.39501917,-0.2384304,-0.10796572,-0.0036641315,-0.0014246942,-0.0059873015,Predicted_PTS_x_6,1.2987618446350098
-0.3176329,-0.43580148,1.2685953,-0.0036328547,-2.157136,-1.5529912,0.7840047,-0.7543008,-1.328591,-1.1170098,-1.1330248,1.0184078,7.053222,-0.69694424,0.36790714,0.46010458,-0.2384304,-0.10796572,0.33063206,1.4988152,0.17136109,Predicted_PTS_x_13,7.053222179412842
0.91350067,0.4889157,1.0252362,1.0402682,-0.26889217,2.4231932,4.7528305,5.062153,2.2079244,1.5172917,-1.6923308,1.3937671,2.1273699,3.3494885,2.9321215,4.818901,4.890822,2.8075264,3.442279,1.3670545,2.2992587,Predicted_PTS_x_8,5.062152862548828
0.7728534,2.6082544,2.4434829,0.2169408,2.6939902,2.7294981,0.8196404,-0.30228925,-0.4356938,1.7143272,-0.4885096,1.6493256,-0.89852,1.1662358,-0.4424784,-0.39501917,-0.2384304,-0.10796572,1.4225223,0.9186302,0.79336536,Predicted_PTS_x_6,2.7294981479644775
0.13304837,2.8716612,1.4927132,1.5902745,2.2287173,-2.4886854,3.0465,0.23026049,2.5544848,2.3937454,6.3012996,-0.94843864,2.0729382,2.7993085,1.7522266,0.5196448,0.8651078,1.2237108,5.320699,0.7472616,1.8196543,Predicted_PTS_x_11,6.301299571990967
1.8866564,1.0980926,1.7223423,0.52665496,1.6210145,0.33524823,0.42045784,1.3949339,1.9742333,1.5573152,0.350178,-0.099219084,-0.89629424,1.1197633,2.0606241,0.99490166,-0.2384304,1.9373434,1.7770118,-0.0014246942,0.92919713,Predicted_PTS_x_15,2.060624122619629
4.338847,3.3792212,-2.199829,0.35196203,1.7821295,-1.3151492,-0.05175197,1.7131116,0.4218768,3.0669456,1.61874,-0.41187525,1.9540644,3.3562615,2.192349,-0.16615316,0.049907073,0.21072648,2.4908478,2.2506866,1.0891616,Predicted_PTS_x_2,3.379221200942993
-0.056192946,0.885444,1.110856,1.3836534,0.65556294,0.17567456,-0.33942914,-0.02641952,-0.9606631,-0.81416583,-1.1330248,3.8243542,-0.29325575,3.2819846,1.3584749,-0.39501917,-0.2384304,-0.10796572,-0.0036641315,-0.0014246942,0.4401338,Predicted_PTS_x_12,3.8243541717529297
0.5992169,-2.0157168,-2.604318,-0.15801205,0.79685956,0.082963705,-1.0621455,1.6221516,4.734196,3.1339502,3.8009753,4.055246,2.5644329,3.0783744,5.4964495,-0.39501917,2.4783444,4.078596,-0.0036641315,2.7620275,1.707668,Predicted_PTS_x_15,5.4964494705200195
0.69622,1.6235242,3.0008874,3.3022285,1.2963804,0.6513041,0.97172856,-0.21861327,2.7642064,1.0923539,2.606686,2.5894647,2.0844927,2.9329817,3.7643926,1.8832198,1.6664081,0.8237655,0.39891568,3.6894732,1.9433576,Predicted_PTS_x_15,3.764392614364624
-1.1589806,0.90776974,-3.2008805,3.2458231,0.48583257,0.6482892,-1.0377997,-1.0271312,0.813336,2.4642243,2.0478811,3.443709,1.2878389,-0.7491338,-0.4424784,-0.39501917,-0.2384304,-0.10796572,3.1923301,-0.0014246942,0.5966722,Predicted_PTS_x_12,3.443708896636963
4.731919,-0.46372518,1.6479129,3.3914185,0.091924444,2.0740633,0.14573097,0.29719496,3.4583607,3.6805487,0.6472442,-0.9834347,-0.89852,-0.7491338,-0.4424784,-0.39501917,-0.2384304,2.0397222,0.93664134,3.3390017,0.92521185,Predicted_PTS_x_10,3.680548667907715
2.4129655,4.866214,-0.30776355,2.1375785,1.1404372,1.4471226,0.15810382,0.0520885,-0.23849988,2.8643293,4.500661,3.1464486,0.29650724,0.89746,-0.4424784,2.1863084,1.2055364,-0.10796572,-0.0036641315,2.7436361,1.3969504,Predicted_PTS_x_2,4.866213798522949
2.2782369,-1.6071334,3.5131283,1.6797675,1.6989745,-0.0020094514,2.1602314,1.1058681,-0.159796,1.2676607,4.820335,0.6011194,-0.81221336,2.6031992,2.985555,3.413805,2.4661672,0.9621209,2.5334344,2.3197567,1.6605248,Predicted_PTS_x_11,4.8203349113464355
1.2874268,1.1155577,-1.8052398,1.4413812,1.6979408,-0.6749785,-1.0621455,2.54241,-1.328591,0.14604926,-1.512023,-0.9834347,-0.89852,2.2200289,1.8862541,4.56799,0.4684108,2.166883,2.9075449,-0.0014246942,0.6786365,Predicted_PTS_x_16,4.567989826202393
-1.9196548,-1.0973206,1.2447242,-0.48149663,1.622445,1.3845911,-1.0621455,-1.2534382,-1.328591,-0.37215173,3.0808368,1.6592739,3.0220695,0.22131705,1.1385435,1.5368882,1.2607708,1.4493616,-0.0036641315,-0.0014246942,0.6326626,Predicted_PTS_x_11,3.080836772918701
-0.010679673,-0.11762347,-0.5144284,-1.4556042,0.72588164,3.3379467,2.0407946,2.3155124,2.1452045,4.0387197,4.054339,3.23837,0.6550616,0.90530777,1.8769717,2.840032,-0.06364225,0.15448432,-0.0036641315,0.10714737,1.3832006,Predicted_PTS_x_11,4.0543389320373535
2.6490018,1.5448155,2.938123,0.6522718,-0.81207275,1.5052676,1.1274469,0.9588599,-1.328591,0.420771,-0.83117247,-0.40527463,-0.89852,-0.7491338,-0.08870351,1.5723506,0.8076949,-0.10796572,-0.0036641315,-0.0014246942,0.33163574,Predicted_PTS_x_3,2.9381229877471924
-0.8344419,0.4017527,2.7250485,-0.62401086,-0.25125927,1.37058,-1.6150123,-1.5987397,-1.4622426,1.1043307,0.45211136,0.021086693,-0.89852,-0.3348176,-0.2091411,-0.11965057,5.6611814,3.9525497,3.7488942,4.216236,0.87054616,Predicted_PTS_x_17,5.661181449890137
1.5687057,1.0737448,2.2551856,-1.0080551,0.6443248,-0.6749785,-0.67036057,-0.32200193,0.444255,3.2323575,4.3359704,1.2605777,3.5796938,1.1079984,2.767063,-0.20353709,1.1139914,1.3997564,2.1084292,0.44465038,1.2046877,Predicted_PTS_x_11,4.335970401763916
0.41382864,1.5835695,1.8620746,0.90439796,-3.6313984,3.919072,-1.0621455,-1.2534382,2.1118832,-1.1776868,-1.1330248,-0.9834347,2.296523,1.0269377,-0.4424784,-0.39501917,-0.2384304,0.027642459,-0.0036641315,2.4729605,0.30970216,Predicted_PTS_x_6,3.919071912765503
3.413894,-0.19826767,0.9168025,2.914025,2.9644763,1.1436386,2.6967492,2.032599,4.1140227,1.3063074,2.8460279,0.64417696,2.4431243,3.0069666,3.1037552,0.97477996,1.4406489,3.2154255,0.3501796,-0.0014246942,1.890211,Predicted_PTS_x_9,4.114022731781006
5.350598,5.4814177,7.308977,10.043366,2.6336324,3.1298726,5.400177,3.273979,2.8740058,1.940651,0.87725604,3.544991,2.7005558,2.7314248,2.5388296,0.7599031,1.5837772,2.4699209,0.6743139,-0.0014246942,3.1560855,Predicted_PTS_x_4,10.043366432189941
1.9635285,3.2495744,2.3108659,5.612891,2.412575,4.3732586,1.7238657,4.396368,5.364036,2.2354612,6.137297,1.9812493,1.8133478,0.9279494,4.8569,0.8697715,3.0733902,2.2852926,2.8487344,4.531533,3.2107558,Predicted_PTS_x_11,6.1372971534729
0.9190035,4.0162525,3.5949981,4.5681686,4.6089735,5.5685062,4.953224,-0.16652536,1.636751,1.4951054,4.574959,1.0316222,1.9883261,4.8568,0.545498,4.710304,4.2737117,4.4568367,2.2838252,1.1850168,3.1674926,Predicted_PTS_x_6,5.568506240844727
0.7813413,1.5251445,5.1129627,4.5535493,4.6792216,2.4275682,2.9936512,4.9278526,4.743889,1.2240757,2.1627626,2.5341477,2.8903766,0.8950914,4.1652174,2.7577791,1.7101252,1.4120778,-0.0036641315,-0.0014246942,2.668969,Predicted_PTS_x_3,5.11296272277832
4.2449183,3.4049945,1.9571496,3.286277,3.4301727,6.239852,6.021921,0.13731396,2.4486933,4.481861,3.1836524,3.53576,2.8004987,2.1831636,3.2917922,6.4890943,5.7085967,3.5763264,3.981091,4.8942084,3.7396011,Predicted_PTS_x_16,6.489094257354736
-1.3699495,2.6972628,1.1088768,1.7608318,1.576039,5.0629005,3.4496534,2.4697301,2.3310752,0.42933476,0.31420505,-0.1931532,0.0522058,0.6028477,-0.8805227,1.0815803,0.6697559,1.2255542,2.423628,-0.0014246942,1.3779148,Predicted_PTS_x_6,5.062900543212891
-0.57971245,1.603543,1.0496689,2.1217089,1.4267259,0.023274004,1.297745,4.0643635,-0.27778983,1.2157551,0.6277404,-0.72136223,-0.89852,-0.5721388,-0.4424784,-0.39501917,-0.2384304,-0.10796572,0.759524,1.3149052,0.62375,Predicted_PTS_x_8,4.064363479614258
0.26758492,0.62446755,-1.9583627,1.595023,3.7345207,0.50044227,1.5577438,-0.043069363,3.338963,-0.776728,1.5071632,1.7493505,0.61553466,0.20001137,1.5304971,-0.23231909,1.2550728,1.7673843,-0.0036641315,-0.0014246942,0.89266354,Predicted_PTS_x_5,3.734520673751831
-0.90138257,-2.244078,-0.33104894,-0.4100904,1.6795071,4.2633333,-0.38330072,1.6920073,3.1323729,0.48523355,2.0945315,0.28357673,1.1756954,0.4418348,4.3109307,0.7855059,-0.2384304,-0.10796572,-0.0036641315,-0.0014246942,0.8749751,Predicted_PTS_x_15,4.3109307289123535
0.77795756,0.21632901,1.1386,1.5800579,1.7414336,3.8862908,1.429945,2.180751,3.2571354,2.4966664,3.0547338,-0.9834347,4.359725,0.12482858,2.5233424,1.5707377,3.6280835,1.2114643,0.22943185,2.241603,1.8888274,Predicted_PTS_x_13,4.359724998474121
4.4030194,3.8171523,1.129611,5.1525307,2.3215148,2.6260371,1.7277639,0.3502127,1.0350031,1.2883598,0.28578317,-0.9834347,1.0300545,3.7685373,1.415309,2.41459,3.5266926,2.2172327,1.3566463,0.9714376,1.8658441,Predicted_PTS_x_4,5.152530670166016
1.3418944,1.2451319,2.2202744,-1.4688653,2.465381,2.3584893,3.3072188,2.8884256,0.4720565,1.4124936,2.1927257,4.2877893,0.02551961,1.3999195,2.1015532,-0.34576565,1.2302706,1.8274212,-0.0036641315,-0.0014246942,1.4534185,Predicted_PTS_x_12,4.287789344787598
1.5454662,-0.27442324,-1.5358464,0.08476083,6.461712,-1.5663646,0.08308172,5.4359035,-0.058066845,-0.96452415,4.085567,-0.37852252,0.30649245,2.540772,2.0461326,1.1829408,2.444489,-0.10796572,0.2889808,0.1204572,1.062925,Predicted_PTS_x_5,6.461711883544922
3.0685637,2.9463775,2.1777177,3.6832242,4.036864,3.001509,3.230459,2.9618013,2.8308063,5.578015,1.8197848,1.7004972,4.3531814,0.17989576,4.9399962,1.9274341,5.263572,-0.10796572,4.0955296,2.197163,2.9903085,Predicted_PTS_x_10,5.578014850616455
-2.6440387,2.3617647,2.5868852,-0.24360271,1.1216297,1.772578,5.443178,-1.2534382,1.1398405,-1.3559116,0.18911219,1.0112685,-0.16554117,3.112153,3.3054752,1.2397718,1.2780951,2.2912228,-0.0036641315,-0.0014246942,1.2541786,Predicted_PTS_x_7,5.443178176879883
-1.3855902,-0.92618483,-0.9110683,-1.2424271,-3.2367318,0.29713643,-1.0621455,0.36247694,1.0712653,-0.8090136,-0.46602815,-0.25157702,-0.89852,-0.7491338,-0.6054917,-0.39501917,-0.2384304,-0.10796572,1.6735802,-0.0014246942,-0.4471949,Predicted_PTS_x_19,1.6735801696777344
3.80816,-0.91857713,2.6707683,2.4910622,1.942035,1.4775531,1.7154279,4.651724,2.572926,0.35269558,1.507053,-0.9834347,2.616815,0.12761486,1.708528,-0.39501917,2.7761497,2.634632,0.878164,1.38021,1.5371752,Predicted_PTS_x_8,4.651723861694336
3.2851737,4.3307605,4.4302716,4.5273423,3.00937,1.2252245,5.995124,4.631172,3.0541983,6.5981345,4.1830726,6.791951,2.5553517,2.3020513,3.5470102,1.3875132,4.870128,5.268684,2.4925065,0.97821355,3.7988458,Predicted_PTS_x_12,6.7919511795043945
0.3504604,0.104888715,-0.70600736,0.1811512,1.227725,1.9328732,4.242508,2.0823424,-1.328591,3.2965355,-1.1330248,0.95636904,-0.61520195,0.13242579,0.6312057,4.2307286,-0.2384304,1.229588,4.503557,4.634294,1.3349968,Predicted_PTS_x_20,4.634294033050537
3.6755445,2.352709,3.4317496,2.1338673,1.3474162,3.2299511,0.22764456,-3.6129317,5.6332145,3.7956586,-0.48979676,1.7971768,2.8324735,4.434622,1.2215788,4.2882643,2.8629875,1.5061392,0.7388015,2.4500864,2.1148214,Predicted_PTS_x_9,5.633214473724365
2.519598,1.4856392,1.2492272,0.55557966,-0.21705456,1.3751066,-0.2797441,-0.09385502,2.863285,1.8928436,-0.016750932,0.6594106,0.8410536,4.3704405,4.7177587,4.5173306,4.8171067,1.8606832,2.3458636,0.6086548,1.7659252,Predicted_PTS_x_17,4.8171067237854
-1.017334,3.2571461,1.9926277,0.06455903,-1.9707582,-2.2420435,5.8317842,-0.56211084,3.4845257,2.1632428,3.5034876,2.6737423,3.3577123,-0.52431685,1.763149,4.679793,0.22729887,-0.10796572,-0.0036641315,-0.0014246942,1.4519359,Predicted_PTS_x_7,5.831784248352051
-0.32417595,0.60951126,1.7952253,2.9416282,2.101995,4.8260775,3.551767,5.6894474,1.1305925,1.2254645,1.8237952,1.7385559,0.95300627,-0.3321529,1.1630168,-0.39501917,0.27915537,-0.10796572,-0.0036641315,-0.0014246942,1.5257374,Predicted_PTS_x_8,5.689447402954102
-2.3754206,-1.510737,-2.581622,-1.8799772,2.1582053,0.7253051,1.2380581,0.45870602,0.97047913,-1.2167233,-1.1330248,-0.9834347,-0.89852,-0.7491338,-0.4424784,-0.39501917,-0.2384304,-0.10796572,-0.0036641315,-0.0014246942,-0.34691587,Predicted_PTS_x_5,2.158205270767212
0.98706776,-3.126589,1.3665422,-0.67174387,1.3520803,-1.1970614,1.8288238,0.45867264,0.5582646,1.5561625,1.2537245,-0.9834347,-0.62360936,3.2000751,2.1466706,2.648264,-0.2384304,-0.10796572,-0.0036641315,-0.0014246942,0.49554515,Predicted_PTS_x_14,3.200075149536133
0.22030084,1.1419876,0.89233506,1.3098419,-0.7094509,2.2306197,-1.963409,-1.6906676,-0.3904342,-1.1684761,-0.60373354,-0.9834347,0.82501733,2.3064315,1.5908306,1.2670221,-0.2384304,1.2018486,1.4817388,2.8184664,0.49042645,Predicted_PTS_x_20,2.8184664249420166
0.94921386,1.383023,-0.66380674,-0.1629895,-0.21332797,0.70545673,2.7069504,0.88554287,0.14855313,0.71159065,-0.9387874,1.56516,0.90794146,2.324198,1.369953,1.2495023,1.0961872,1.3938104,-0.0036641315,0.52486837,0.78895587,Predicted_PTS_x_7,2.7069504261016846
-0.7012186,2.10164,4.175313,0.33370906,-0.6501451,1.3398318,0.431942,0.9805217,3.1869617,1.5404068,-0.96439135,1.0473733,0.32575262,3.0555735,-0.4424784,-0.39501917,-0.2384304,-0.10796572,-0.0036641315,-0.0014246942,0.82713187,Predicted_PTS_x_3,4.1753129959106445
1.2019122,-1.0081489,1.6549484,2.0328865,1.4286116,-0.1129899,-1.1996297,1.0580549,0.64536154,-1.2943667,-0.88800424,0.7324275,2.4532108,2.3727062,1.187606,-0.3722806,2.6353788,3.6975837,1.7732273,2.5621297,1.0188797,Predicted_PTS_x_18,3.6975836753845215
0.84455013,1.376563,2.9129307,1.4605496,0.050077036,1.0803185,-1.0621455,0.1812365,2.0606732,0.12678087,0.34587753,0.60034156,0.40992033,0.66455853,2.0610476,0.80966187,-0.2384304,-0.10796572,-0.0036641315,-0.0014246942,0.6698372,Predicted_PTS_x_3,2.912930727005005
1.4314914,2.7244036,0.25767273,1.4338341,0.24035378,-0.59306204,-1.0621455,5.1323786,4.6143613,1.4293367,-0.6718745,0.9585365,0.8098831,-0.08826202,1.437048,0.64407766,3.1858027,-0.10796572,-0.0036641315,0.6187634,1.1031303,Predicted_PTS_x_8,5.132378578186035
3.5252883,6.451128,-1.0201803,-4.468189,4.1117735,1.1646032,1.2705572,2.144674,3.8268237,-1.3559116,1.2527999,-0.9834347,-0.89852,-0.7491338,-0.4424784,6.925475,4.578402,-0.10796572,-0.0036641315,-0.0014246942,1.1418598,Predicted_PTS_x_16,6.925475120544434
-1.341326,-1.8291001,1.9167132,-1.7006959,3.041702,2.1392004,1.1644022,1.8869774,2.358635,1.9542643,-1.1330248,1.4593682,2.3200614,3.0781498,1.6230254,-0.39501917,-0.22967508,3.7851722,4.815214,3.5999923,1.571335,Predicted_PTS_x_19,4.815214157104492
2.0224826,0.91284245,0.79093724,0.52594656,0.11922653,2.5970821,-0.73060536,-3.7423418,0.04719746,4.908562,2.0670323,0.71856654,0.54116035,1.659003,0.5030513,3.5881643,1.3185177,1.9423125,3.1778357,2.3592036,1.2265103,Predicted_PTS_x_10,4.908562183380127
0.89992285,-1.2131169,0.12064163,0.26129138,0.22593533,1.67788,0.7293315,1.0427,4.9252863,1.5234681,4.10074,0.34906197,-0.89852,0.3514086,-0.4333362,1.8186117,0.3634225,-0.0017293096,-0.0036641315,4.1760974,1.0060796,Predicted_PTS_x_9,4.925286293029785
1.2675269,-2.084752,-0.094203144,0.8476789,1.0324401,-0.68837464,-1.0621455,-0.3498056,1.3091451,-1.3559116,-0.6255204,-0.17816901,-0.89852,2.349454,1.7620094,0.08573195,-0.2384304,-0.10796572,-0.0036641315,-0.0014246942,-0.015917249,Predicted_PTS_x_14,2.349453926086426
-1.7075198,2.1008658,1.2043294,-0.4489408,-0.59900504,-1.8641679,0.47792697,3.3038547,1.7327508,-1.099668,1.2404836,-0.9834347,-0.89852,1.4054625,2.2822163,-0.39501917,-0.2384304,-0.10796572,-0.0036641315,-0.0014246942,0.3740868,Predicted_PTS_x_8,3.3038547039031982
0.98868096,-0.08659392,-1.0001285,0.25164098,1.9675791,0.24916303,-0.8516027,1.5607913,0.7814294,0.5441935,-1.029844,2.1271813,-0.3172506,3.5133064,-0.4424784,2.3266196,-0.2384304,0.28147995,2.1963465,-0.0014246942,0.6227356,Predicted_PTS_x_14,3.5133063793182373
1.2470367,2.0159693,1.0645145,0.20249675,0.82757,3.582009,-0.9895105,0.64368796,1.4180995,-0.16591454,0.5743971,-0.2548856,0.357934,-0.4336176,2.522737,-0.39501917,0.9044961,0.9845432,-0.0036641315,-0.0014246942,0.67654836,Predicted_PTS_x_6,3.5820090770721436
0.11677961,-0.20712873,1.3752998,1.1939127,1.5196083,0.43675315,0.892776,1.6864641,-0.33587122,2.828436,0.8851286,-0.87327605,-0.89852,0.31418717,-0.4424784,-0.39501917,0.06950407,2.26687,2.65926,2.419109,0.810264,Predicted_PTS_x_10,2.8284358978271484
0.22944824,-1.300071,2.490638,2.193146,1.6186209,0.06600553,-1.0621455,-0.029926658,1.2711102,0.96267736,0.50685966,1.3856955,2.9794059,2.2831066,1.6277456,1.8451165,4.586508,2.3847299,1.7634839,-0.0014246942,1.3458568,Predicted_PTS_x_17,4.586507797241211
3.7462142,2.137697,-0.040601157,-0.38901025,8.300266,10.968487,2.9786932,6.97805,2.555986,1.6532284,-1.1330248,-0.9834347,3.8243446,-0.7491338,-0.4424784,-0.39501917,-0.2384304,-0.10796572,-0.0036641315,-0.0014246942,1.8375033,Predicted_PTS_x_6,10.968486785888672
0.4989123,0.06847719,2.901492,-1.2029127,-0.22586231,-1.4040799,1.7290521,0.7985096,0.3828274,-1.3559116,-0.62951213,-0.9834347,-0.89852,-0.39475238,-0.4424784,-0.39501917,0.3847568,-0.10796572,-0.0036641315,-0.0014246942,-0.09370646,Predicted_PTS_x_3,2.901492118835449
-0.06819953,1.478553,-1.6056703,0.49994928,1.2058988,4.1593695,3.3034427,-0.9226936,2.905507,1.5700208,0.7669661,0.49077177,0.29766452,2.453142,-0.4424784,0.9327711,2.975472,-0.10796572,-0.0036641315,-0.0014246942,1.0502964,Predicted_PTS_x_6,4.159369468688965
1.241755,3.1538384,2.536174,-0.8188326,-0.46517426,-0.6749785,-1.0621455,-1.2534382,-1.328591,-0.38932937,1.0157388,2.350617,2.0409563,1.1445129,0.9868399,-0.39501917,1.2719945,-0.10796572,-0.0036641315,-0.0014246942,0.42105842,Predicted_PTS_x_2,3.1538383960723877
0.88768816,0.79361826,2.9332173,1.0017487,2.5362065,2.7626257,-0.2004754,4.692663,0.9403137,-0.24134827,2.5992975,-0.17249447,-0.89852,0.08445239,0.42541066,-0.39501917,-0.2384304,-0.10796572,3.8428328,-0.0014246942,1.0714058,Predicted_PTS_x_8,4.692663192749023
1.7316414,1.324029,3.9563892,1.4086916,1.3427639,0.6463543,7.4358387,0.8683083,4.895535,3.9180484,4.8306537,5.4134026,1.5208473,1.463742,3.4558115,0.30271006,-0.2384304,-0.10796572,3.949519,1.9704232,2.545088,Predicted_PTS_x_7,7.43583869934082
3.3758562,1.3914459,0.9921633,-1.97173,-0.22586231,-0.6749785,-0.9939932,-1.2534382,-1.328591,0.8847631,-1.1330248,-0.9834347,-0.28641737,-0.7491338,-0.4424784,-0.39501917,-0.2384304,-0.10796572,-0.0036641315,-0.0014246942,-0.39585337,Predicted_PTS_x_2,1.3914458751678467
1.8847841,3.658995,2.6508076,3.1929348,1.2265035,2.2468336,2.556806,2.0874574,-0.51247853,0.4433012,0.69674885,0.18241942,2.933373,5.0724564,-0.25492948,2.6689014,-0.2384304,2.127926,5.6712513,2.0407658,2.0237708,Predicted_PTS_x_19,5.67125129699707
2.3571258,2.2685606,-1.6543717,-0.58394414,3.5551853,1.960521,1.9098027,-0.84219545,-1.328591,2.1743236,-1.1330248,0.102593064,-0.89852,-0.7491338,-0.4424784,-0.39501917,-0.2384304,-0.10796572,-0.0036641315,-0.0014246942,0.18906437,Predicted_PTS_x_5,3.555185317993164
0.44672093,4.9349666,1.8363723,-0.5990802,-1.4034452,-0.66836673,2.3045328,1.3635538,2.346733,2.7555776,4.685098,-0.12617153,0.6680871,2.1995468,-0.38602045,3.340057,2.4854782,2.3011503,-0.0036641315,-0.0014246942,1.4754201,Predicted_PTS_x_2,4.934966564178467
1.1266993,0.14810398,-2.6349092,-0.6141053,2.0438597,3.361098,3.5004027,0.6352364,-1.328591,-1.3559116,-1.1330248,-0.9834347,-0.89852,-0.7491338,-0.4424784,-0.39501917,-0.2384304,-0.10796572,-0.0036641315,-0.0014246942,-0.063048,Predicted_PTS_x_7,3.5004026889801025
5.9745708,0.43611303,-0.76023245,1.4255937,0.02202256,0.035302043,0.23807514,-1.2791569,-0.7733509,-1.7502347,-0.32925147,-0.9834347,-0.89852,-0.7491338,-0.4424784,-0.39501917,-0.2384304,-0.10796572,-0.0036641315,-0.0014246942,-0.34501007,Predicted_PTS_x_4,1.4255937337875366
1.929639,1.5108047,-0.13497528,2.9515245,-0.65101105,-1.2332029,0.92052937,0.12889647,-0.43436962,-0.43351442,-0.7399727,-0.9834347,-0.89852,-0.7491338,-0.4424784,-0.39501917,-0.2384304,-0.10796572,-0.0036641315,-0.0014246942,-0.10186114,Predicted_PTS_x_4,2.951524496078491
-2.403089,0.67724746,-2.7430153,2.943044,2.7822175,-2.3916128,0.9290391,0.0054187775,1.3575193,1.0835515,1.9538587,1.5050917,2.9881697,-0.7491338,1.4487224,-0.36217543,-0.2384304,-0.10796572,-0.0036641315,-0.0014246942,0.58297145,Predicted_PTS_x_13,2.9881696701049805
1.1024898,6.256295,3.9929242,0.7196284,-0.8142488,-1.4940281,0.21848667,-1.7187687,-1.328591,0.90947473,-0.52234715,-0.9834347,-0.89852,-0.7491338,-0.4424784,-0.39501917,-0.2384304,-0.10796572,-0.0036641315,-0.0014246942,0.12625028,Predicted_PTS_x_2,6.256295204162598
-0.038639795,-2.622028,1.324879,-0.6142388,-1.4549358,1.909766,0.07689643,0.13728261,-1.328591,-1.3559116,-0.97213936,-0.9834347,-0.89852,-0.7491338,-0.4424784,-0.39501917,-0.2384304,-0.10796572,-0.0036641315,-0.0014246942,-0.45889956,Predicted_PTS_x_6,1.9097659587860107
-0.5977887,1.2473736,-0.09247508,0.6621588,1.322326,0.4781654,0.04573393,1.4930093,2.1343298,4.4145465,2.1769524,-0.5098175,1.7453322,2.6231863,2.885952,-0.39501917,0.7809434,2.8521752,-0.0036641315,0.69049346,1.2921947,Predicted_PTS_x_10,4.414546489715576
4.9146085,1.1355808,0.31823143,1.4529628,0.19381662,-1.3324023,1.4537795,3.5485103,2.382523,-0.14795148,-1.1330248,-0.9834347,2.3034968,3.35201,0.41584006,2.2850122,1.085113,-0.10796572,-0.0036641315,0.21801566,0.86507624,Predicted_PTS_x_8,3.5485103130340576
4.5026827,2.0638657,3.3978264,-0.5937087,-0.23652583,0.5398507,-0.4708441,-1.075583,2.609508,2.7421622,2.0536213,-0.9834347,-0.89852,-0.7491338,-0.4424784,0.4582162,2.4249077,-0.10796572,-0.0036641315,3.7488606,0.76194525,Predicted_PTS_x_20,3.7488605976104736
0.44755226,-0.48201916,0.68800914,0.3423879,0.2599141,-1.0125172,0.46292138,4.428647,-1.328591,-1.3559116,0.47761333,-0.9834347,-0.06345183,-0.7491338,-0.4424784,-0.39501917,-0.2384304,-0.10796572,-0.0036641315,-0.0014246942,-0.0265552,Predicted_PTS_x_8,4.428647041320801
3.7534492,0.4327835,1.8854457,1.3398032,-0.22586231,0.25570256,2.7177002,-0.0005276203,3.8134327,-0.07842684,1.0133973,-0.9834347,0.27087283,0.21703398,2.496812,1.3650255,0.5064399,2.3718204,-0.0036641315,2.846647,1.0653158,Predicted_PTS_x_9,3.8134326934814453
0.688028,1.5242994,0.9927416,0.93957466,1.5385021,0.8633275,0.4725169,0.71904206,2.7302332,3.926889,0.5060867,-0.9834347,-0.21325737,-0.7491338,0.0057560205,-0.39501917,-2.5858107,-0.10796572,-0.0036641315,0.43258026,0.50596124,Predicted_PTS_x_10,3.926888942718506
0.020270694,2.139388,-0.19765562,-0.9161283,1.3546667,0.8022171,-0.308792,1.4948192,2.5427623,5.389722,0.5586679,0.6586033,0.17441499,2.8062592,1.2661927,4.4591594,2.666695,2.1471822,1.8771639,1.9374999,1.6238335,Predicted_PTS_x_10,5.389721870422363
2.5735903,2.1947045,-3.249256,-0.72981554,0.46429175,-0.5235168,1.6088271,-0.8834331,3.5002222,-0.67701703,0.7722125,0.6609678,1.672194,-0.66912425,4.42044,1.8112172,2.8168786,-0.10796572,-0.0036641315,-0.0014246942,0.6882494,Predicted_PTS_x_15,4.420440196990967
3.9295511,5.8151684,7.8689,6.941757,6.473521,3.276493,7.1393414,3.41382,4.7207365,5.451426,5.8240848,5.6929994,4.7613044,4.14464,4.194596,6.844233,5.838,5.3428426,3.820845,5.969382,5.4491625,Predicted_PTS_x_3,7.868899822235107
6.479984,2.5358448,3.303489,1.3996459,2.34264,5.320138,5.072406,3.4651277,3.7400885,5.6927295,2.8154783,4.426421,3.6073027,1.0170907,2.4747975,4.3149123,3.8325663,2.6973593,5.535393,2.2140486,3.4635515,Predicted_PTS_x_10,5.692729473114014
11.275371,11.20037,6.0278144,8.795009,9.321762,11.2374,10.582104,11.234937,4.819749,9.426928,8.496465,7.6802387,7.5169272,9.529529,6.4839473,7.044849,7.386068,5.297827,7.681036,8.646738,8.337352,Predicted_PTS_x_6,11.23740005493164
1.7026423,-0.96971434,2.3586745,-1.7111925,1.9179254,0.4360522,-1.0621455,-1.2534382,-1.328591,-1.3559116,0.5137485,-0.76613617,1.2391891,-0.7491338,-0.4424784,-0.39501917,-0.2384304,-0.10796572,-0.0036641315,-0.0014246942,-0.20629768,Predicted_PTS_x_3,2.3586745262145996
11.121768,-7.280961,-8.461564,-13.513509,4.0464354,-0.009293199,-7.6096125,-1.2534382,-1.328591,8.627088,-1.1330248,7.533592,6.69384,-0.7491338,-0.4424784,9.389968,-0.2384304,-0.10796572,9.420746,-0.0014246942,0.1885392,Predicted_PTS_x_19,9.420745849609375
2.002607,-0.15227923,0.6000695,1.009574,0.24477966,2.3110838,-1.0724325,-1.2534382,0.47316706,-0.2116797,0.3268478,-0.97884554,4.2851667,4.093252,5.7210584,-0.39501917,0.3062716,0.12498441,0.50022084,-0.0014246942,0.8384925,Predicted_PTS_x_15,5.721058368682861
4.9125767,2.758324,5.523758,1.2386096,0.31865066,2.6311526,0.5146581,4.2177277,1.930662,1.6800619,2.742795,3.252357,2.6100228,1.5377059,2.7237914,4.440604,2.442738,3.97377,2.229648,-0.0014246942,2.461348,Predicted_PTS_x_3,5.5237579345703125
2.84871,2.423641,2.209616,2.9693255,0.11635794,0.34691834,2.8525689,3.4429557,3.0821385,1.4380454,4.5319934,1.5710034,3.8735175,5.2018337,5.5899553,2.3339438,3.7736287,2.8840766,1.5641475,4.518505,2.8802192,Predicted_PTS_x_15,5.5899553298950195
1.1697102,3.435147,1.090259,0.5353041,-1.3873326,0.5674299,-1.0621455,-1.13582,-1.328591,-1.3559116,-0.7071104,-0.9834347,-0.89852,2.1008916,-0.4424784,-0.39501917,-0.2384304,-0.10796572,-0.0036641315,-0.0014246942,-0.122042984,Predicted_PTS_x_2,3.4351470470428467
1.7419477,-0.54334694,-0.622476,0.62909824,-1.7918398,2.5370283,-0.8234193,-1.2534382,-1.328591,-1.3559116,0.7966664,1.2353048,-0.89852,-0.7491338,-0.4424784,-0.39501917,-0.2384304,-0.10796572,-0.0036641315,-0.0014246942,-0.28197694,Predicted_PTS_x_6,2.5370283126831055
1.0988605,0.30971876,1.948854,3.9534178,2.2086108,1.9632912,2.0244877,3.2188418,0.39469945,0.5172092,0.8308891,-0.9834347,1.9707763,-0.7491338,-0.4424784,-0.39501917,-0.2384304,-0.10796572,-0.0036641315,-0.0014246942,0.8641708,Predicted_PTS_x_4,3.9534177780151367
1.1795857,-0.20895955,-1.3185798,-1.6082907,-0.9843783,-4.144331,-1.3500642,-1.2534382,-1.328591,-1.3559116,-1.0155802,-0.9834347,-0.5153693,0.7223046,-0.4424784,-0.39501917,-0.2384304,-0.10796572,-0.0036641315,-0.0014246942,-0.8701898,Predicted_PTS_x_14,0.7223045825958252
1.5640116,0.71218723,0.8328933,-0.21604891,1.9926672,2.6088266,0.88203144,3.247172,2.416082,0.76600444,2.9553266,2.5319939,1.983484,-0.7491338,-0.4424784,-0.39501917,3.536321,2.0670917,3.7381876,-0.0014246942,1.4982191,Predicted_PTS_x_19,3.738187551498413
0.5590403,0.49995646,-0.6448877,0.20371167,0.65837765,0.90220785,1.4735773,9.003942,4.4879456,5.910312,5.590035,-0.104585946,0.4227605,-0.7491338,-0.4424784,-0.39501917,-0.2384304,-0.10796572,-0.0036641315,-0.0014246942,1.3929071,Predicted_PTS_x_8,9.003941535949707
0.9014241,2.8206263,2.557726,5.91761,1.6902766,6.263528,2.339717,4.434004,0.29441035,1.5384408,4.350679,1.7421288,3.135058,1.1575272,5.7347565,-0.39501917,3.2607641,-0.10796572,-0.0036641315,0.8006252,2.5016437,Predicted_PTS_x_6,6.263527870178223
0.90104973,-1.631355,1.9605176,0.48276293,-3.4866416,1.1188576,1.969455,1.7861664,0.85654366,0.16678977,2.513451,-0.9834347,1.3133368,5.0620327,0.9828557,-0.39501917,-0.2384304,3.93306,0.751051,-0.0014246942,0.8505566,Predicted_PTS_x_14,5.062032699584961
-0.18210472,-0.57893926,0.08105657,0.1790164,-0.015062973,3.25398,-1.0226942,-0.21667743,-1.328591,-1.3559116,-1.1330248,-0.9834347,-0.89852,-0.7491338,-0.4424784,-0.39501917,1.1484419,-0.10796572,-0.0036641315,-0.0014246942,-0.24052878,Predicted_PTS_x_6,3.2539799213409424
0.7721454,3.2730763,-2.6373107,0.30899423,1.7050877,0.19604707,-0.060132265,2.6060233,0.29910445,4.8207207,3.7336278,4.419723,3.673411,-0.6497069,-0.4424784,3.4396544,1.6692235,2.9682004,1.1943804,-0.0014246942,1.6061169,Predicted_PTS_x_10,4.820720672607422
-2.4498315,3.9202948,1.5970136,1.0117209,2.8470728,1.6684644,-0.48884803,1.534626,1.4491109,0.8879813,-1.1330248,0.122285485,-0.89852,-0.29185742,0.7701607,4.877278,-0.2384304,-0.10796572,-0.0036641315,-0.0014246942,0.92222494,Predicted_PTS_x_16,4.877277851104736
-0.36212233,0.21405151,1.7409246,0.22770767,-1.6268178,-0.26517832,-1.0621455,1.3850794,-1.328591,0.0049602985,-1.1330248,1.3536706,-0.89852,-0.7491338,-0.4424784,-0.39501917,-0.2384304,-0.10796572,-0.0036641315,-0.0014246942,-0.17505263,Predicted_PTS_x_3,1.740924596786499
1.2682663,2.6456945,2.7034264,-0.6585439,0.70894074,1.2278419,-1.0257728,-1.2534382,-1.328591,-1.3559116,-1.1327358,-0.9834347,0.39327395,3.6720026,3.369232,-0.39501917,-0.21866284,-0.10796572,-0.0036641315,-0.0014246942,0.3292236,Predicted_PTS_x_14,3.6720025539398193
-1.7265975,0.7067346,3.5870895,1.546388,-0.20540886,1.7565527,2.0773036,0.56205714,2.5802808,1.1956028,3.9900718,5.020825,4.9100585,1.6896362,3.2725224,3.9231105,-0.2384304,-0.10796572,3.151641,-0.0014246942,2.0745604,Predicted_PTS_x_12,5.020824909210205
1.4292697,-1.2702439,-0.5281086,2.9285665,1.4516392,-3.4150364,-2.4163833,0.800545,-1.328591,2.8050418,-0.5384373,-0.9834347,-0.89852,-0.7491338,-0.26420414,-0.39501917,-0.2384304,-0.10796572,-0.0036641315,-0.0014246942,-0.27120027,Predicted_PTS_x_4,2.9285664558410645
1.6319821,-0.11115714,1.8629324,1.0630258,4.206918,0.23839307,3.9085863,-0.31870914,0.73736966,2.9800897,0.9392437,-0.9834347,-0.21880996,-0.7491338,2.1442344,-0.39501917,-0.2384304,-0.10796572,-0.0036641315,-0.0014246942,0.78700227,Predicted_PTS_x_5,4.206917762756348
1.4446737,0.35517535,1.2876791,1.8589393,-0.14716391,-0.67140883,-1.0621455,0.028635383,-1.328591,-1.043862,-0.4387018,0.026148438,0.081463575,1.862016,1.4523054,0.6330366,2.6156354,-0.10796572,-0.0036641315,-0.0014246942,0.28400564,Predicted_PTS_x_17,2.615635395050049
-0.95301914,1.3089931,0.9807373,1.019792,1.2112108,-1.0168092,-1.0621455,-1.2534382,-1.328591,-1.3559116,-1.1330248,-1.300253,-0.89852,-0.7491338,-0.4424784,-0.39501917,-0.20120862,-0.10796572,-0.0036641315,-0.0014246942,-0.35415024,Predicted_PTS_x_2,1.3089931011199951
3.669567,1.819283,-3.804667,-2.9983234,3.726254,0.4349997,2.9650018,1.7734296,2.1219912,2.7658124,1.3772067,0.74290776,-0.42660362,-0.10376716,-0.4424784,0.26142126,0.5355891,-0.10796572,1.7633996,3.9927,0.8629575,Predicted_PTS_x_20,3.9927000999450684
0.12658046,-0.4686298,4.3680263,-1.097705,-0.22586231,-1.9069542,-3.5719852,-6.105524,-0.12450242,-0.2514534,-0.40477133,2.3792424,-0.89852,-0.7491338,3.4332266,-0.39501917,-0.2384304,-0.10796572,-0.0036641315,-0.0014246942,-0.33531848,Predicted_PTS_x_3,4.368026256561279
-0.70090115,0.85550946,0.15243125,0.44235516,0.9481973,2.176863,-0.8683268,-2.2566438,-0.8565423,-0.3058256,-0.8441194,-0.94941723,-0.89852,-0.7491338,-0.4424784,4.1493754,1.3056712,-0.10796572,-0.0036641315,-0.0014246942,0.09191271,Predicted_PTS_x_16,4.1493754386901855
0.7917884,0.17689502,1.4160761,0.10279302,0.6293404,1.3026919,-0.03375864,-0.08876002,-1.328591,-1.3559116,-0.8586742,-0.6399132,-0.89852,-0.20168358,-0.4424784,1.6335281,0.0029936135,0.35892922,1.4212006,-0.0014246942,0.06288066,Predicted_PTS_x_16,1.6335281133651733
1.0383629,-0.36922416,-0.85903776,1.112759,4.984747,3.730481,3.907521,-0.69307715,-1.328591,1.5157224,1.0572072,0.5845735,0.14306033,0.9875461,-0.4424784,-0.39501917,2.588582,-0.10796572,6.093681,2.1405451,1.2974228,Predicted_PTS_x_19,6.0936808586120605
0.45485866,2.808924,1.354204,0.17658125,1.5529337,3.6790397,1.1194754,0.79014015,-0.1575352,0.34524012,2.4283857,2.4746861,-0.89852,2.7226894,2.298218,1.8966829,-0.2384304,3.3464458,3.993763,4.7097154,1.8106651,Predicted_PTS_x_20,4.709715366363525
-1.5584477,-0.21822378,4.092512,-1.0375402,3.409053,4.5104074,-1.9654783,0.14853823,0.7153405,-0.1394707,3.8892293,2.3544285,-0.89852,1.3468897,-1.389455,4.631765,-0.2384304,1.6856028,-0.0036641315,2.1957207,1.215195,Predicted_PTS_x_16,4.631764888763428
4.7680335,3.0618732,-0.20049733,-2.6449184,1.711747,2.1826591,1.7114689,-1.2534382,3.3720317,2.5579052,0.38269675,0.493106,2.9747143,2.6301384,2.4105525,-0.20868316,-0.2384304,3.301244,2.1050074,3.8457599,1.4839442,Predicted_PTS_x_20,3.845759868621826
1.7401443,0.6719255,-0.20957547,2.1084723,4.464443,0.2498259,1.4156148,0.18279111,-0.098293185,-0.3921615,1.5569876,-0.345949,-0.2001,3.0398343,0.63110936,1.3690832,2.1539404,0.98684645,1.8001908,-0.0014246942,1.0201874,Predicted_PTS_x_5,4.464443206787109
4.4345746,-2.3784811,0.56965286,2.3759937,0.6019762,-0.51516736,0.97854733,-0.2724871,4.3103614,-0.89779496,3.513578,-0.35360926,0.2911824,-0.7491338,0.2441757,-0.39501917,2.928653,4.178225,0.42876148,3.482071,0.96534127,Predicted_PTS_x_9,4.310361385345459
2.9839232,2.550306,0.8098107,-0.9789606,3.5727377,1.6098735,-0.92853457,0.4346807,1.0250453,-1.0346633,-1.1330248,-0.9834347,-0.89852,0.2350958,-0.4424784,-0.39501917,2.1250615,1.5840139,0.80224454,0.8984219,0.46592933,Predicted_PTS_x_5,3.572737693786621
2.4416385,-3.5711257,-1.3044512,-0.8373539,4.756936,0.3115269,1.4370165,-1.2534382,-0.0029956102,-1.2613218,1.9496001,4.9524784,1.9431567,-0.68140924,1.689898,-0.39501917,-0.2384304,-0.10796572,-0.0036641315,-0.0014246942,0.388527,Predicted_PTS_x_12,4.952478408813477
0.740342,-0.13316748,2.927684,-5.4060545,3.715529,2.4690585,-0.8405899,-1.2534382,-1.328591,-1.3559116,-1.1330248,-0.9834347,-0.89852,-0.6708735,-0.4424784,-0.39501917,-0.2384304,-0.10796572,-0.0036641315,-0.0014246942,-0.32001668,Predicted_PTS_x_5,3.715528964996338
0.5056025,-0.06894048,-0.4970567,1.7126076,0.6509723,2.3777018,-1.0539814,1.3000193,-1.328591,1.3305415,-1.1330248,-0.9834347,0.12602484,-0.7491338,0.5505949,-0.39501917,3.7282448,-0.10796572,1.9570992,-0.0014246942,0.39027545,Predicted_PTS_x_17,3.7282447814941406
1.5018998,4.4906282,2.1707866,0.10914604,-2.6336615,0.57212245,-1.0621455,-1.2534382,-1.328591,1.4531387,-0.8192935,-0.9834347,-0.050638914,-0.7491338,8.922796,-0.39501917,-0.2384304,-0.10796572,-0.0036641315,-0.0014246942,0.42588305,Predicted_PTS_x_15,8.922796249389648
-0.20681824,1.8107836,1.8632892,1.2487956,2.1495826,-1.9285594,3.4003146,1.6239555,3.069315,-0.411739,-0.52077866,3.8313055,0.1354661,4.7062225,-0.22122481,3.060163,-0.2384304,4.4975114,-0.0036641315,-0.0014246942,1.4774148,Predicted_PTS_x_14,4.7062225341796875
0.8911754,-0.34840485,1.3904704,-1.4914418,0.7909189,0.3510927,-1.0621455,-1.1612797,0.9241413,-0.07841289,0.22615957,3.3929815,2.6867104,-0.7491338,0.67696404,5.681513,0.8063334,-0.10796572,-0.0036641315,1.0391368,0.6823144,Predicted_PTS_x_16,5.681512832641602
-0.22637488,0.1251562,1.5320405,-0.92005897,2.6061428,0.07978141,2.0825627,1.691459,2.1978106,-1.0388465,0.18612754,2.379324,0.49442875,-0.7491338,-0.4424784,-0.39501917,-0.2384304,-0.10796572,-0.0036641315,-0.0014246942,0.49883214,Predicted_PTS_x_5,2.60614275932312
5.0449266,0.6042026,0.39874884,1.1508355,2.49024,2.1625547,2.9708784,4.0745697,5.351851,-0.3627721,0.95093524,4.768891,1.6449931,5.2318544,4.000454,3.6373734,2.876272,0.47868276,2.2562528,3.7112024,2.547264,Predicted_PTS_x_9,5.351850986480713
-2.5621874,-3.3811698,1.2618505,-1.8240643,0.37012964,0.7625383,-1.0621455,0.046771526,2.1421652,-1.3559116,2.3836737,-0.9834347,2.2649329,0.91309285,-0.13353345,-0.3046433,-0.2384304,2.6140947,-0.0036641315,-0.0014246942,0.18267514,Predicted_PTS_x_18,2.6140947341918945
-1.111229,-0.31124458,-0.14373186,-0.36279255,-1.4132241,-2.4653294,1.7782991,1.5957882,0.9168385,2.8920064,3.4588828,0.3828268,-0.89852,0.52932644,-0.4424784,-0.39501917,-0.2384304,-0.10796572,2.0518951,-0.0014246942,0.3592475,Predicted_PTS_x_11,3.4588828086853027
0.4339735,-0.5196819,1.4356607,2.5913715,2.9701478,0.14610392,1.3562126,-1.2534382,-1.328591,3.0871387,1.4681879,3.383339,3.9229383,-0.7491338,-0.4424784,-0.39501917,-0.2384304,-0.10796572,-0.0036641315,-0.0014246942,0.80638283,Predicted_PTS_x_13,3.922938346862793
0.5501102,2.172867,2.8124282,4.70774,0.92149204,2.4171376,4.0724077,0.79519415,0.23375809,6.430631,0.98393595,1.0568652,1.0163074,-0.7491338,-1.5966868,-1.2575662,0.39427537,1.7048023,-0.0036641315,2.4870815,1.5052565,Predicted_PTS_x_10,6.430631160736084
3.9885328,1.050973,0.8476393,2.2306135,-2.417979,1.8121235,-0.5127605,0.8187578,3.2958279,-0.21942484,1.5090503,1.2708142,-0.5727476,-0.46775067,0.19107339,-0.39501917,-0.2384304,-0.10796572,-0.0036641315,-0.0014246942,0.425774,Predicted_PTS_x_9,3.295827865600586
0.039289165,2.4412596,2.4905043,2.3136659,0.13372381,2.4171336,0.3415755,0.05255258,-1.328591,2.4599361,3.9116988,4.532264,4.1284995,0.4612894,3.3651946,3.846836,3.6361303,1.5060121,5.8069386,3.8067398,2.4380715,Predicted_PTS_x_19,5.806938648223877
